,url,search input,google maps name,id,category,address,score,reviews,expense,extra info,maandag,dinsdag,woensdag,donderdag,vrijdag,zaterdag,zondag
0,"https://www.google.be/maps/place/Match/@50.8724198,4.6906375,14z/data=!4m15!1m9!2m8!1sSupermarkt!3m6!1sSupermarkt!2sLeuven!3s0x47c160d05ebbdf85:0x40099ab2f4d5690!4m2!1d4.7005176!2d50.8798438!3m4!1s0x47c160d6bfa2f0ef:0x1ff9b1a80877f4a3!8m2!3d50.8798453!4d4.707588",Leuven,Match,VPH5+W2 Leuven,Supermarkt,"Bondgenotenlaan 58, 3000 Leuven","3,5",544,no expense available,no extra info available,08:00–19:30,08:00–19:30,08:00–19:30. Openingstijden gedurende de week verbergen,08:00–19:30,(Labour Day) 08:00–19:30 Openingstijden kunnen afwijken,08:00–19:30,Gesloten
1,"https://www.google.be/maps/place/SPAR/@50.8724198,4.6906375,14z/data=!4m15!1m9!2m8!1sSupermarkt!3m6!1sSupermarkt!2sLeuven!3s0x47c160d05ebbdf85:0x40099ab2f4d5690!4m2!1d4.7005176!2d50.8798438!3m4!1s0x47c160d3e35beaef:0xaab177877c40cc64!8m2!3d50.8815422!4d4.7098803",Leuven,SPAR,VPJ5+JX Leuven,Supermarkt,"Diestsestraat 173, 3000 Leuven","3,9",247,no expense available,no extra info available,08:00–20:00,08:00–20:00,08:00–20:00. Openingstijden gedurende de week verbergen,08:00–20:00,(Labour Day) Gesloten Afwijkende openingstijden,08:00–20:00,08:00–14:00
2,"https://www.google.be/maps/place/louis+delhaize+Leuven/@50.8724198,4.6906375,14z/data=!4m15!1m9!2m8!1sSupermarkt!3m6!1sSupermarkt!2sLeuven!3s0x47c160d05ebbdf85:0x40099ab2f4d5690!4m2!1d4.7005176!2d50.8798438!3m4!1s0x47c160d6255224f1:0x5ee8451b4f35744!8m2!3d50.8765567!4d4.7062051",Leuven,louis delhaize Leuven,VPG4+JF Leuven,Supermarkt,"Tiensestraat 86, 3000 Leuven","4,0",45,no expense available,no extra info available,08:00–20:00,08:00–20:00,08:00–20:00. Openingstijden gedurende de week verbergen,08:00–20:00,(Labour Day) 08:00–20:00 Openingstijden kunnen afwijken,09:00–20:00,10:00–20:00
3,"https://www.google.be/maps/place/Smatch+Kessel-Lo/@50.8724198,4.6906375,14z/data=!4m15!1m9!2m8!1sSupermarkt!3m6!1sSupermarkt!2sLeuven!3s0x47c160d05ebbdf85:0x40099ab2f4d5690!4m2!1d4.7005176!2d50.8798438!3m4!1s0x47c160d6db1ea7a1:0x7cd9eba6ee23dcc9!8m2!3d50.8822974!4d4.7173416",Leuven,Smatch Kessel-Lo,VPJ8+WW Leuven,Kruidenier,"Benedenplein 3, 3010 Leuven","3,7",159,no expense available,no extra info available,08:00–19:30,08:00–19:30,08:00–19:30. Openingstijden gedurende de week verbergen,08:00–19:30,(Labour Day) 08:00–19:30 Openingstijden kunnen afwijken,08:00–19:30,Gesloten
4,"https://www.google.be/maps/place/Carrefour+market/@50.8724198,4.6906375,14z/data=!4m15!1m9!2m8!1sSupermarkt!3m6!1sSupermarkt!2sLeuven!3s0x47c160d05ebbdf85:0x40099ab2f4d5690!4m2!1d4.7005176!2d50.8798438!3m4!1s0x47c167286ce18b15:0xc82c0daf092508aa!8m2!3d50.8763148!4d4.7259999",Leuven,Carrefour market,VPGG+G9 Leuven,Supermarkt,"Koning Albertlaan 147, 3010 Leuven","3,8",71,no expense available,no extra info available,13:00–20:00,08:00–20:00,08:00–20:00. Openingstijden gedurende de week verbergen,08:00–20:00,(Labour Day) 08:00–21:00 Openingstijden kunnen afwijken,08:00–19:00,08:00–13:00
5,"https://www.google.be/maps/place/SPAR+Leuven+Vesalius/@50.8724198,4.6906375,14z/data=!4m15!1m9!2m8!1sSupermarkt!3m6!1sSupermarkt!2sLeuven!3s0x47c160d05ebbdf85:0x40099ab2f4d5690!4m2!1d4.7005176!2d50.8798438!3m4!1s0x47c1612a0428010d:0x273e849ff4bc30d1!8m2!3d50.8752028!4d4.709571",Leuven,SPAR Leuven Vesalius,VPG5+3R Leuven,Supermarkt,"Tiensestraat 166, 3000 Leuven","4,0",291,no expense available,no extra info available,08:00–19:30,08:00–19:30,08:00–19:30. Openingstijden gedurende de week verbergen,08:00–19:30,(Labour Day) Gesloten Afwijkende openingstijden,08:00–19:00,Gesloten
6,"https://www.google.be/maps/place/Carrefour+express/@50.8724198,4.6906375,14z/data=!4m15!1m9!2m8!1sSupermarkt!3m6!1sSupermarkt!2sLeuven!3s0x47c160d05ebbdf85:0x40099ab2f4d5690!4m2!1d4.7005176!2d50.8798438!3m4!1s0x47c1672b4b4a2d8d:0x84601c3cc7abf48d!8m2!3d50.8820839!4d4.7139613",Leuven,Carrefour express,VPJ7+RH Leuven,Kruidenier,"Tiensevest 10A, 3000 Leuven","2,4",29,no expense available,no extra info available,07:00–20:00,07:00–20:00,07:00–20:00. Openingstijden gedurende de week verbergen,07:00–20:00,(Labour Day) 07:00–20:30 Openingstijden kunnen afwijken,09:00–20:00,09:00–20:00
7,"https://www.google.be/maps/place/Carrefour+Express/@50.8724198,4.6906375,14z/data=!4m15!1m9!2m8!1sSupermarkt!3m6!1sSupermarkt!2sLeuven!3s0x47c160d05ebbdf85:0x40099ab2f4d5690!4m2!1d4.7005176!2d50.8798438!3m4!1s0x47c160d87457d161:0xc8cf04288f1e9d4!8m2!3d50.8761431!4d4.7002758",Leuven,Carrefour Express,VPG2+F4 Leuven,Kruidenier,"Naamsestraat 48, 3000 Leuven","3,9",15,no expense available,no extra info available,08:00–20:00,08:00–20:00,08:00–20:00. Openingstijden gedurende de week verbergen,08:00–20:00,(Labour Day) 08:00–20:00 Openingstijden kunnen afwijken,Gesloten,08:00–20:00
8,"https://www.google.be/maps/place/SPAR+CG+Heverlee/@50.8724198,4.6906375,14z/data=!4m15!1m9!2m8!1sSupermarkt!3m6!1sSupermarkt!2sLeuven!3s0x47c160d05ebbdf85:0x40099ab2f4d5690!4m2!1d4.7005176!2d50.8798438!3m4!1s0x47c1613884860f8d:0x2a9f2c8ed3a985af!8m2!3d50.855877!4d4.694992",Leuven,SPAR CG Heverlee,VM4V+9X Leuven,Supermarkt,"Naamsesteenweg 380, 3001 Leuven","3,9",274,no expense available,no extra info available,09:00–19:00,09:00–19:00,09:00–19:00. Openingstijden gedurende de week verbergen,09:00–19:00,(Labour Day) 09:00–19:00 Openingstijden kunnen afwijken,09:00–18:00,Gesloten
9,"https://www.google.be/maps/place/Carrefour+Express/@50.8724198,4.6906375,14z/data=!4m15!1m9!2m8!1sSupermarkt!3m6!1sSupermarkt!2sLeuven!3s0x47c160d05ebbdf85:0x40099ab2f4d5690!4m2!1d4.7005176!2d50.8798438!3m4!1s0x47c160d9386044b9:0x4225273f9e979507!8m2!3d50.8802293!4d4.6974014",Leuven,Carrefour Express,VMJW+3X Leuven,Kruidenier,"Brusselsestraat 60, 3000 Leuven","3,8",30,no expense available,no extra info available,08:00–20:00,08:00–20:00,08:00–20:00. Openingstijden gedurende de week verbergen,08:00–20:00,(Labour Day) Gesloten Openingstijden kunnen afwijken,08:00–20:00,08:00–20:00
10,"https://www.google.be/maps/place/Colruyt+Leuven/@50.8724198,4.6906375,14z/data=!4m15!1m9!2m8!1sSupermarkt!3m6!1sSupermarkt!2sLeuven!3s0x47c160d05ebbdf85:0x40099ab2f4d5690!4m2!1d4.7005176!2d50.8798438!3m4!1s0x47c160daf6545e09:0x25e9faf35cb88351!8m2!3d50.8835806!4d4.7026491",Leuven,Colruyt Leuven,VPM3+C3 Leuven,Supermarkt,"Lombaardenstraat 2, 3000 Leuven","4,2",1,no expense available,no extra info available,08:30–20:00,08:30–20:00,08:30–20:00. Openingstijden gedurende de week verbergen,08:30–20:00,(Labour Day) 08:30–21:00 Openingstijden kunnen afwijken,08:30–20:00,Gesloten
11,"https://www.google.be/maps/place/SPAR/@50.8724198,4.6906375,14z/data=!4m15!1m9!2m8!1sSupermarkt!3m6!1sSupermarkt!2sLeuven!3s0x47c160d05ebbdf85:0x40099ab2f4d5690!4m2!1d4.7005176!2d50.8798438!3m4!1s0x47c160de94182a53:0x9bb74564689c6639!8m2!3d50.8806626!4d4.6946731",Leuven,SPAR,VMJV+7V Leuven,Supermarkt,"Brusselsestraat 124, 3000 Leuven","3,9",307,no expense available,no extra info available,07:00–20:00,07:00–20:00,07:00–20:00. Openingstijden gedurende de week verbergen,07:00–20:00,(Labour Day) 07:00–20:00 Openingstijden kunnen afwijken,08:00–18:30,Gesloten
12,"https://www.google.be/maps/place/Delhaize+Kessel-Lo/@50.8724198,4.6906375,14z/data=!4m15!1m9!2m8!1sSupermarkt!3m6!1sSupermarkt!2sLeuven!3s0x47c160d05ebbdf85:0x40099ab2f4d5690!4m2!1d4.7005176!2d50.8798438!3m4!1s0x47c1671108537efd:0x31b666c84a510767!8m2!3d50.8862588!4d4.7414189",Leuven,Delhaize Kessel-Lo,VPPR+GH Leuven,Supermarkt,"Diestsesteenweg 545, 3000 Leuven","4,1",690,no expense available,no extra info available,08:00–20:00,08:00–20:00,08:00–20:00. Openingstijden gedurende de week verbergen,08:00–20:00,(Labour Day) Gesloten Openingstijden kunnen afwijken,08:00–20:00,Gesloten
13,"https://www.google.be/maps/place/Colruyt+Heverlee/@50.8724198,4.6906375,14z/data=!4m15!1m9!2m8!1sSupermarkt!3m6!1sSupermarkt!2sLeuven!3s0x47c160d05ebbdf85:0x40099ab2f4d5690!4m2!1d4.7005176!2d50.8798438!3m4!1s0x47c16119335674e9:0xb3e8ee796f03a3e5!8m2!3d50.8730499!4d4.6853298",Leuven,Colruyt Heverlee,VMFP+64 Oud-Heverlee,Supermarkt,"Groenveldstraat 71, 3001 Oud-Heverlee","4,3",1,no expense available,no extra info available,08:30–20:00,08:30–20:00,08:30–20:00. Openingstijden gedurende de week verbergen,08:30–20:00,(Labour Day) 08:30–21:00 Openingstijden kunnen afwijken,08:30–20:00,Gesloten
14,"https://www.google.be/maps/place/Luna/@50.8724198,4.6906375,14z/data=!4m15!1m9!2m8!1sSupermarkt!3m6!1sSupermarkt!2sLeuven!3s0x47c160d05ebbdf85:0x40099ab2f4d5690!4m2!1d4.7005176!2d50.8798438!3m4!1s0x47c16102e70ff153:0xad2daf43cab43637!8m2!3d50.8750852!4d4.674961",Leuven,Luna,VMGF+2X Oud-Heverlee,Supermarkt,"Tervuursesteenweg 154, 3001 Oud-Heverlee","4,4",5,no expense available,no extra info available,12:00–19:30,08:00–19:30,08:00–19:30. Openingstijden gedurende de week verbergen,08:00–19:30,(Labour Day) 08:00–19:30 Openingstijden kunnen afwijken,08:00–19:30,08:00–12:00
15,"https://www.google.be/maps/place/Lidl/@50.8724198,4.6906375,14z/data=!4m15!1m9!2m8!1sSupermarkt!3m6!1sSupermarkt!2sLeuven!3s0x47c160d05ebbdf85:0x40099ab2f4d5690!4m2!1d4.7005176!2d50.8798438!3m4!1s0x47c160c56d65e4d9:0x5d0afca5716b3cdf!8m2!3d50.8889652!4d4.7014366",Leuven,Lidl,VPQ2+HH Leuven,Supermarkt,"Engels Plein 26, 3000 Leuven","4,3",649,no expense available,no extra info available,08:30–19:00,08:30–19:00,08:30–19:00. Openingstijden gedurende de week verbergen,08:30–19:00,(Labour Day) Gesloten Afwijkende openingstijden,08:30–18:00,Gesloten
16,"https://www.google.be/maps/place/Mini+Mix+50/@50.8724198,4.6906375,14z/data=!4m15!1m9!2m8!1sSupermarkt!3m6!1sSupermarkt!2sLeuven!3s0x47c160d05ebbdf85:0x40099ab2f4d5690!4m2!1d4.7005176!2d50.8798438!3m4!1s0x47c160e1c5ce6935:0xf3ac712f58c317d4!8m2!3d50.8776703!4d4.6855543",Leuven,Mini Mix 50,VMHP+36 Leuven,Supermarkt,"Tervuursestraat 118, 3000 Leuven","4,4",140,no expense available,no extra info available,Gesloten,10:00–19:00,10:00–19:00. Openingstijden gedurende de week verbergen,10:00–19:00,(Labour Day) 10:00–19:00 Openingstijden kunnen afwijken,10:00–19:00,10:00–18:00
17,"https://www.google.be/maps/place/Delhaize/@50.8724198,4.6906375,14z/data=!3m1!5s0x47c161245f6bb7fb:0xcffb0a50afbb163c!4m15!1m9!2m8!1sSupermarkt!3m6!1sSupermarkt!2sLeuven!3s0x47c160d05ebbdf85:0x40099ab2f4d5690!4m2!1d4.7005176!2d50.8798438!3m4!1s0x47c1612458c09d45:0xc29b0081a08e2570!8m2!3d50.8685488!4d4.6963534",Leuven,Delhaize,VM9W+CG Leuven,Supermarkt,"Tervuursevest 19, 3001 Leuven","4,2",1,no expense available,no extra info available,08:00–20:00,08:00–20:00,08:00–20:00. Openingstijden gedurende de week verbergen,08:00–20:00,(Labour Day) Gesloten Openingstijden kunnen afwijken,08:00–20:00,Gesloten
18,"https://www.google.be/maps/place/PRS+Winkel/@50.8724198,4.6906375,14z/data=!4m15!1m9!2m8!1sSupermarkt!3m6!1sSupermarkt!2sLeuven!3s0x47c160d05ebbdf85:0x40099ab2f4d5690!4m2!1d4.7005176!2d50.8798438!3m4!1s0x47c1610fead57ce7:0x54dd451508c7c606!8m2!3d50.8693233!4d4.7074471",Leuven,PRS Winkel,VP94+PX Leuven,Supermarkt,"N3, 3000 Leuven","4,1",9,no expense available,no extra info available,10:00–20:00,10:00–20:00,10:00–20:00. Openingstijden gedurende de week verbergen,10:00–20:00,(Labour Day) 10:00–21:00 Openingstijden kunnen afwijken,10:00–20:00,10:00–20:00
19,"https://www.google.be/maps/place/ALDI/@50.8724198,4.6906375,14z/data=!4m15!1m9!2m8!1sSupermarkt!3m6!1sSupermarkt!2sLeuven!3s0x47c160d05ebbdf85:0x40099ab2f4d5690!4m2!1d4.7005176!2d50.8798438!3m4!1s0x47c160d10897034d:0x83810518a7c18bd8!8m2!3d50.8834683!4d4.7073868",Leuven,ALDI,VPM4+9X Leuven,Supermarkt,"J.P. Minckelersstraat 76, 3000 Leuven","3,7",358,€,no extra info available,08:30–19:00,08:30–19:00,08:30–19:00. Openingstijden gedurende de week verbergen,08:30–19:00,(Labour Day) 08:30–19:00 Openingstijden kunnen afwijken,08:30–18:00,Gesloten
20,"https://www.google.be/maps/place/ALDI+Leuven/@50.8752052,4.6911382,14z/data=!4m16!1m10!2m9!1sSupermarkt!3m6!1sSupermarkt!2sLeuven!3s0x47c160d05ebbdf85:0x40099ab2f4d5690!4m2!1d4.7005176!2d50.8798438!6e6!3m4!1s0x47c161202db2354f:0x3e890260938501f3!8m2!3d50.8740728!4d4.6898814",Leuven,ALDI Leuven,VMFQ+JX Leuven,Supermarkt,"Slachthuislaan 3, 3000 Leuven","4,1",494,€,no extra info available,08:30–19:00,08:30–19:00,08:30–19:00. Openingstijden gedurende de week verbergen,08:30–19:00,(Labour Day) 08:30–19:00 Openingstijden kunnen afwijken,08:30–18:00,Gesloten
21,"https://www.google.be/maps/place/Carrefour+express/@50.8752052,4.6911382,14z/data=!4m16!1m10!2m9!1sSupermarkt!3m6!1sSupermarkt!2sLeuven!3s0x47c160d05ebbdf85:0x40099ab2f4d5690!4m2!1d4.7005176!2d50.8798438!6e6!3m4!1s0x47c1613b34aecbb9:0xa925df57a757b0ff!8m2!3d50.8659297!4d4.6958959",Leuven,Carrefour express,VM8W+99 Leuven,Kruidenier,"Naamsesteenweg 104, 3001 Leuven","2,9",60,no expense available,no extra info available,07:30–20:00,07:30–20:00,07:30–20:00. Openingstijden gedurende de week verbergen,07:30–20:00,(Labour Day) 07:30–20:00 Openingstijden kunnen afwijken,Gesloten,08:00–20:00
22,"https://www.google.be/maps/place/Carrefour+Market/@50.8752052,4.6911382,14z/data=!4m16!1m10!2m9!1sSupermarkt!3m6!1sSupermarkt!2sLeuven!3s0x47c160d05ebbdf85:0x40099ab2f4d5690!4m2!1d4.7005176!2d50.8798438!6e6!3m4!1s0x47c16123ed684d07:0x180de76be0253a3a!8m2!3d50.8705584!4d4.6916706",Leuven,Carrefour Market,VMCR+6M Leuven,Supermarkt,"Tervuursevest 113, 3001 Leuven","4,1",123,no expense available,no extra info available,08:00–20:00,08:00–20:00,08:00–20:00. Openingstijden gedurende de week verbergen,08:00–20:00,(Labour Day) 08:00–21:00 Openingstijden kunnen afwijken,08:00–20:00,Gesloten
23,"https://www.google.be/maps/place/Asian+Supermarket/@50.8752052,4.6911382,14z/data=!4m16!1m10!2m9!1sSupermarkt!3m6!1sSupermarkt!2sLeuven!3s0x47c160d05ebbdf85:0x40099ab2f4d5690!4m2!1d4.7005176!2d50.8798438!6e6!3m4!1s0x47c160debe8f84d1:0xd4fab832a91f552!8m2!3d50.8805635!4d4.6952518",Leuven,Asian Supermarket,VMJW+64 Leuven,Supermarkt,"Brusselsestraat 114, 3000 Leuven","4,1",20,no expense available,no extra info available,09:00–20:00,Gesloten,09:00–20:00. Openingstijden gedurende de week verbergen,09:00–20:00,(Labour Day) 09:00–20:00 Openingstijden kunnen afwijken,09:00–20:00,09:00–20:00
24,"https://www.google.be/maps/place/AD+Delhaize+Leuven/@50.8752052,4.6911382,14z/data=!4m16!1m10!2m9!1sSupermarkt!3m6!1sSupermarkt!2sLeuven!3s0x47c160d05ebbdf85:0x40099ab2f4d5690!4m2!1d4.7005176!2d50.8798438!6e6!3m4!1s0x47c160d90e3a5923:0xaf4a8bb3dda7310d!8m2!3d50.8796187!4d4.6988831",Leuven,AD Delhaize Leuven,VMHX+RH Leuven,Supermarkt,"Brusselsestraat 31, 3000 Leuven","3,8",183,no expense available,no extra info available,08:30–18:30,08:30–18:30,08:30–18:30. Openingstijden gedurende de week verbergen,08:30–18:30,(Labour Day) Gesloten Afwijkende openingstijden,08:30–18:00,Gesloten
25,"https://www.google.be/maps/place/Carrefour+Express/@50.8752052,4.6911382,14z/data=!4m16!1m10!2m9!1sSupermarkt!3m6!1sSupermarkt!2sLeuven!3s0x47c160d05ebbdf85:0x40099ab2f4d5690!4m2!1d4.7005176!2d50.8798438!6e6!3m4!1s0x47c160d581beb371:0x86db3a58ec0223a1!8m2!3d50.8759935!4d4.7116077",Leuven,Carrefour Express,VPG6+9J Leuven,Kruidenier,"Burgemeestersstraat 34, 3000 Leuven","3,4",39,no expense available,no extra info available,07:30–20:00,07:30–20:00,07:30–20:00. Openingstijden gedurende de week verbergen,07:30–20:00,(Labour Day) 07:30–20:00 Openingstijden kunnen afwijken,Gesloten,08:00–20:00
26,"https://www.google.be/maps/place/Carrefour+express/@50.8752052,4.6911382,14z/data=!4m16!1m10!2m9!1sSupermarkt!3m6!1sSupermarkt!2sLeuven!3s0x47c160d05ebbdf85:0x40099ab2f4d5690!4m2!1d4.7005176!2d50.8798438!6e6!3m4!1s0x47c166d9e1ed72c1:0xa7edd2025ae39321!8m2!3d50.8712196!4d4.7261799",Leuven,Carrefour express,VPCG+FF Leuven,Kruidenier,"Tiensesteenweg 235, 3000 Leuven","3,7",3,no expense available,no extra info available,06:00–21:00,06:00–21:00,06:00–21:00. Openingstijden gedurende de week verbergen,06:00–19:00,(Labour Day) 06:00–19:00 Afwijkende openingstijden,09:00–17:00,Gesloten
27,"https://www.google.be/maps/place/Exotic+World/@50.8752052,4.6911382,14z/data=!4m16!1m10!2m9!1sSupermarkt!3m6!1sSupermarkt!2sLeuven!3s0x47c160d05ebbdf85:0x40099ab2f4d5690!4m2!1d4.7005176!2d50.8798438!6e6!3m4!1s0x47c160e0a83c2a15:0xe9fdb6f1706dd330!8m2!3d50.8810159!4d4.6900277",Leuven,Exotic World,VMJR+C2 Leuven,Kruidenier,"Brusselsestraat 139, 3000 Leuven","3,9",461,no expense available,no extra info available,07:30–20:00,07:30–20:00,07:30–20:00. Openingstijden gedurende de week verbergen,07:30–20:00,(Labour Day) 07:30–20:00 Openingstijden kunnen afwijken,07:30–20:00,09:00–20:00
28,"https://www.google.be/maps/place/Malinka+Polish+Supermarket/@50.8752052,4.6911382,14z/data=!4m16!1m10!2m9!1sSupermarkt!3m6!1sSupermarkt!2sLeuven!3s0x47c160d05ebbdf85:0x40099ab2f4d5690!4m2!1d4.7005176!2d50.8798438!6e6!3m4!1s0x47c160cf7157bab5:0x1165db06af8d3463!8m2!3d50.8894293!4d4.7058242",Leuven,Malinka Polish Supermarket,VPQ4+Q8 Leuven,Supermarkt,"Kolonel Begaultlaan 3, 3012 Leuven","4,4",355,no expense available,no extra info available,Gesloten,09:00–20:00,09:00–20:00. Openingstijden gedurende de week verbergen,09:00–20:00,(Labour Day) 09:00–20:00 Openingstijden kunnen afwijken,09:00–20:00,10:00–20:00
29,"https://www.google.be/maps/place/Carrefour+express/@50.8752052,4.6911382,14z/data=!4m16!1m10!2m9!1sSupermarkt!3m6!1sSupermarkt!2sLeuven!3s0x47c160d05ebbdf85:0x40099ab2f4d5690!4m2!1d4.7005176!2d50.8798438!6e6!3m4!1s0x47c1612f2958b57f:0xb882d592af34264b!8m2!3d50.8705268!4d4.7041283",Leuven,Carrefour express,VPC3+6M Leuven,Kruidenier,"Weldadigheidsstraat 60, 3000 Leuven","3,4",35,no expense available,no extra info available,07:30–20:00,07:30–20:00,07:30–20:00. Openingstijden gedurende de week verbergen,07:30–20:00,(Labour Day) 07:30–20:00 Openingstijden kunnen afwijken,Gesloten,08:00–20:00
30,"https://www.google.be/maps/place/Denon+nv/@50.8752052,4.6911382,14z/data=!4m16!1m10!2m9!1sSupermarkt!3m6!1sSupermarkt!2sLeuven!3s0x47c160d05ebbdf85:0x40099ab2f4d5690!4m2!1d4.7005176!2d50.8798438!6e6!3m4!1s0x47c160d90e3bbe89:0x1c4085ad4f12ba8e!8m2!3d50.8795459!4d4.6987157",Leuven,Denon nv,VMHX+RF Leuven,Supermarkt,"Brusselsestraat 31, 3000 Leuven","4,3",52,no expense available,no extra info available,08:30–18:30,08:30–18:30,08:30–18:30. Openingstijden gedurende de week verbergen,08:30–18:30,(Labour Day) 08:30–18:30 Openingstijden kunnen afwijken,08:30–18:00,Gesloten
31,"https://www.google.be/maps/place/Mini+market/@50.8752052,4.6911382,14z/data=!4m16!1m10!2m9!1sSupermarkt!3m6!1sSupermarkt!2sLeuven!3s0x47c160d05ebbdf85:0x40099ab2f4d5690!4m2!1d4.7005176!2d50.8798438!6e6!3m4!1s0x47c161f206ba17b7:0x8d1ad9cea6b2b1ae!8m2!3d50.8805081!4d4.7111535",Leuven,Mini market,VPJ6+6F Leuven,Kruidenier,"Bondgenotenlaan 104, 3000 Leuven","4,3",3,no expense available,no extra info available,14:00–21:00,14:00–21:00,14:00–21:00. Openingstijden gedurende de week verbergen,10:00–21:00,(Labour Day) 10:00–21:00 Openingstijden kunnen afwijken,10:00–21:00,10:00–21:00
32,"https://www.google.be/maps/place/Mediterranee+Bada/@50.8752052,4.6911382,14z/data=!4m16!1m10!2m9!1sSupermarkt!3m6!1sSupermarkt!2sLeuven!3s0x47c160d05ebbdf85:0x40099ab2f4d5690!4m2!1d4.7005176!2d50.8798438!6e6!3m4!1s0x47c160d5aefb8d43:0x6a87ac6021445f5b!8m2!3d50.8778605!4d4.7113732",Leuven,Mediterranee Bada,VPH6+4G Leuven,Supermarkt,"Maria Theresiastraat 52, 3000 Leuven","4,5",88,no expense available,no extra info available,08:00–19:00,08:00–19:00,08:00–19:00. Openingstijden gedurende de week verbergen,08:00–19:00,(Labour Day) 08:00–19:00 Openingstijden kunnen afwijken,08:00–19:00,Gesloten
33,"https://www.google.be/maps/place/Mini+Market/@50.8752052,4.6911382,14z/data=!4m16!1m10!2m9!1sSupermarkt!3m6!1sSupermarkt!2sLeuven!3s0x47c160d05ebbdf85:0x40099ab2f4d5690!4m2!1d4.7005176!2d50.8798438!6e6!3m4!1s0x47c160d840dc4bbf:0xf8209b3c04c1edd7!8m2!3d50.8776619!4d4.7007518",Leuven,Mini Market,VPH2+38 Leuven,Kruidenier,"Naamsestraat 23, 3000 Leuven","4,8",4,no expense available,no extra info available,10:00–20:00,10:00–20:00,10:00–20:00. Openingstijden gedurende de week verbergen,10:00–20:00,(Labour Day) 10:00–21:00 Openingstijden kunnen afwijken,10:00–20:00,10:00–20:00
34,"https://www.google.be/maps/place/Evin's+Winkel/@50.8752052,4.6911382,14z/data=!4m16!1m10!2m9!1sSupermarkt!3m6!1sSupermarkt!2sLeuven!3s0x47c160d05ebbdf85:0x40099ab2f4d5690!4m2!1d4.7005176!2d50.8798438!6e6!3m4!1s0x47c1613a1bec9217:0x66a92e98a230b38!8m2!3d50.8609838!4d4.6985083",Leuven,Evin's Winkel,VM6X+9C Leuven,Kruidenier,"Leeuwerikenstraat 12, 3001 Leuven","4,2",9,no expense available,no extra info available,12:00–20:00,09:00–20:00,09:00–20:00. Openingstijden gedurende de week verbergen,09:00–20:00,(Labour Day) 09:00–20:00 Openingstijden kunnen afwijken,09:00–20:00,Gesloten
35,"https://www.google.be/maps/place/Carrefour+Express/@50.8752052,4.6911382,14z/data=!4m16!1m10!2m9!1sSupermarkt!3m6!1sSupermarkt!2sLeuven!3s0x47c160d05ebbdf85:0x40099ab2f4d5690!4m2!1d4.7005176!2d50.8798438!6e6!3m4!1s0x47c1672dd8edea57:0x6f9eaa2d8bcd5190!8m2!3d50.883804!4d4.723014",Leuven,Carrefour Express,"VPMF+G6 Kessel-Lo, Leuven",Kruidenier,"Diestsesteenweg C 104, 3010","3,8",17,no expense available,no extra info available,07:30–20:00,07:30–20:00,07:30–20:00. Openingstijden gedurende de week verbergen,Gesloten,(Labour Day) 07:30–20:00 Openingstijden kunnen afwijken,07:30–20:00,07:30–20:00
36,"https://www.google.be/maps/place/Polskie+Specjaly/@50.8752052,4.6911382,14z/data=!4m16!1m10!2m9!1sSupermarkt!3m6!1sSupermarkt!2sLeuven!3s0x47c160d05ebbdf85:0x40099ab2f4d5690!4m2!1d4.7005176!2d50.8798438!6e6!3m4!1s0x47c16124dc3da233:0x4815c1ab71eaaa30!8m2!3d50.8669363!4d4.6969386",Leuven,Polskie Specjaly,VM8W+QQ Leuven,Supermarkt,"Naamsesteenweg 60, 3001 Leuven","4,3",44,no expense available,no extra info available,Gesloten,11:00–19:00,11:00–19:00. Openingstijden gedurende de week verbergen,11:00–19:00,(Labour Day) 11:00–19:00 Openingstijden kunnen afwijken,10:00–18:00,10:00–16:00
37,"https://www.google.be/maps/place/Moughal+Market/@50.8752052,4.6911382,14z/data=!4m16!1m10!2m9!1sSupermarkt!3m6!1sSupermarkt!2sLeuven!3s0x47c160d05ebbdf85:0x40099ab2f4d5690!4m2!1d4.7005176!2d50.8798438!6e6!3m4!1s0x47c160c34c3a7c59:0xc16edf338e412df0!8m2!3d50.8870154!4d4.696644",Leuven,Moughal Market,VMPW+RM Leuven,Kruidenier,"Mechelsestraat 198, 3000 Leuven","2,8",6,no expense available,no extra info available,09:00–21:00,09:00–21:00,09:00–21:00. Openingstijden gedurende de week verbergen,09:00–21:00,(Labour Day) 09:00–21:00 Openingstijden kunnen afwijken,09:00–21:00,09:00–21:00
38,"https://www.google.be/maps/place/Colruyt+Kessel-Lo/@50.8752052,4.6911382,14z/data=!4m16!1m10!2m9!1sSupermarkt!3m6!1sSupermarkt!2sLeuven!3s0x47c160d05ebbdf85:0x40099ab2f4d5690!4m2!1d4.7005176!2d50.8798438!6e6!3m4!1s0x47c166d9e17cafa7:0x459c4d09e48d01ca!8m2!3d50.8716667!4d4.7275",Leuven,Colruyt Kessel-Lo,VPCG+MX Leuven,Supermarkt,"Tiensesteenweg 237, 3010 Leuven","4,3",752,no expense available,no extra info available,08:30–20:00,08:30–20:00,08:30–20:00. Openingstijden gedurende de week verbergen,08:30–20:00,(Labour Day) 08:30–21:00 Openingstijden kunnen afwijken,08:30–20:00,Gesloten
39,"https://www.google.be/maps/place/Fresh+Atelier+Leuven+Diestsestraat/@50.8752052,4.6911382,14z/data=!4m16!1m10!2m9!1sSupermarkt!3m6!1sSupermarkt!2sLeuven!3s0x47c160d05ebbdf85:0x40099ab2f4d5690!4m2!1d4.7005176!2d50.8798438!6e6!3m4!1s0x47c161ee8839be61:0x8daa34513e46ed48!8m2!3d50.8819521!4d4.7129003",Leuven,Fresh Atelier Leuven Diestsestraat,VPJ7+Q5 Leuven,Supermarkt,"Diestsestraat 226, 3000 Leuven","4,5",11,no expense available,no extra info available,07:00–20:00,07:00–20:00,07:00–20:00. Openingstijden gedurende de week verbergen,07:00–20:00,(Labour Day) Gesloten Openingstijden kunnen afwijken,09:00–19:00,09:00–19:00
40,"https://www.google.be/maps/place/Bio-Planet+Leuven/@50.884047,4.6348753,12z/data=!4m16!1m10!2m9!1sSupermarkt!3m6!1sSupermarkt!2sLeuven!3s0x47c160d05ebbdf85:0x40099ab2f4d5690!4m2!1d4.7005176!2d50.8798438!6e6!3m4!1s0x47c166e6faeb3b79:0xbe2afd0b3f4108ab!8m2!3d50.8673049!4d4.7430173",Leuven,Bio-Planet Leuven,VP8V+W6 Leuven,Supermarkt,"Tiensesteenweg 371, 3010 Leuven","4,3",311,no expense available,no extra info available,09:00–19:30,09:00–19:30,09:00–19:30. Openingstijden gedurende de week verbergen,09:00–19:30,(Labour Day) 09:00–20:00 Openingstijden kunnen afwijken,09:00–19:30,Gesloten
41,"https://www.google.be/maps/place/Collect%26Go+Heverlee/@50.884047,4.6348753,12z/data=!4m16!1m10!2m9!1sSupermarkt!3m6!1sSupermarkt!2sLeuven!3s0x47c160d05ebbdf85:0x40099ab2f4d5690!4m2!1d4.7005176!2d50.8798438!6e6!3m4!1s0x47c1611933560b3b:0xaa0b9c0c5c1b0de7!8m2!3d50.87156!4d4.6844635",Leuven,Collect&Go Heverlee,VMCM+JQ Oud-Heverlee,Supermarkt,"Groenveldstraat 71, 3001 Oud-Heverlee","4,4",5,no expense available,no extra info available,11:00–19:45,11:00–19:45,11:00–19:45. Openingstijden gedurende de week verbergen,11:00–19:45,(Labour Day) 11:00–19:45 Openingstijden kunnen afwijken,11:00–19:45,Gesloten
42,"https://www.google.be/maps/place/Ram+%2F+Kishan/@50.884047,4.6348753,12z/data=!4m16!1m10!2m9!1sSupermarkt!3m6!1sSupermarkt!2sLeuven!3s0x47c160d05ebbdf85:0x40099ab2f4d5690!4m2!1d4.7005176!2d50.8798438!6e6!3m4!1s0x47c160e1e7e973cb:0x9ba238c23894c35d!8m2!3d50.8773971!4d4.6851714",Leuven,Ram / Kishan,VMGP+X3 Leuven,Kruidenier,"Tervuursestraat 147, 3000 Leuven","3,1",8,no expense available,no extra info available,20:00–01:00,20:00–01:00,20:00–01:00. Openingstijden gedurende de week verbergen,20:00–01:00,(Labour Day) 20:00–01:00 Openingstijden kunnen afwijken,20:00–01:00,20:00–01:00
43,"https://www.google.be/maps/place/fontein/@50.884047,4.6348753,12z/data=!4m16!1m10!2m9!1sSupermarkt!3m6!1sSupermarkt!2sLeuven!3s0x47c160d05ebbdf85:0x40099ab2f4d5690!4m2!1d4.7005176!2d50.8798438!6e6!3m4!1s0x47c16123fe4e4071:0x63fc3267ff180dc1!8m2!3d50.881907!4d4.69322",Leuven,fontein,VMJV+Q7 Leuven,Kruidenier,"Fonteinstraat, 3000 Leuven",no reviews available,no reviews available,no expense available,no extra info available,['no hours available'],['no hours available'],['no hours available'],['no hours available'],['no hours available'],['no hours available'],['no hours available']
44,"https://www.google.be/maps/place/Lidl/@50.884047,4.6348753,12z/data=!4m16!1m10!2m9!1sSupermarkt!3m6!1sSupermarkt!2sLeuven!3s0x47c160d05ebbdf85:0x40099ab2f4d5690!4m2!1d4.7005176!2d50.8798438!6e6!3m4!1s0x47c166e5bd28d669:0x1d78608c92256353!8m2!3d50.8658017!4d4.7463065",Leuven,Lidl,VP8W+8G Leuven,Supermarkt,"Vlinderlaan 2, 3000 Leuven","4,2",541,no expense available,no extra info available,08:30–19:00,08:30–19:00,08:30–19:00. Openingstijden gedurende de week verbergen,08:30–19:00,(Labour Day) Gesloten Afwijkende openingstijden,08:30–18:00,Gesloten
45,"https://www.google.be/maps/place/SPAR/@50.884047,4.6348753,12z/data=!4m16!1m10!2m9!1sSupermarkt!3m6!1sSupermarkt!2sLeuven!3s0x47c160d05ebbdf85:0x40099ab2f4d5690!4m2!1d4.7005176!2d50.8798438!6e6!3m4!1s0x47c1603f61cbd507:0xc6d5e70f3bedab9e!8m2!3d50.8956079!4d4.6421299",Leuven,SPAR,VJWR+6V Herent,Supermarkt,"Termerestraat 19, 3020 Herent","4,3",185,no expense available,no extra info available,12:30–19:00,08:15–19:00,08:15–19:00. Openingstijden gedurende de week verbergen,08:15–19:00,(Labour Day) Gesloten Afwijkende openingstijden,08:15–18:00,08:00–12:30
46,"https://www.google.be/maps/place/Louis+Delhaize/@50.884047,4.6348753,12z/data=!4m16!1m10!2m9!1sSupermarkt!3m6!1sSupermarkt!2sLeuven!3s0x47c160d05ebbdf85:0x40099ab2f4d5690!4m2!1d4.7005176!2d50.8798438!6e6!3m4!1s0x47c161cbcb6a7747:0x9c8533dc655d32aa!8m2!3d50.8521109!4d4.6585783",Leuven,Louis Delhaize,VM25+RC Leuven,Supermarkt,3001 Leuven,"4,0",16,no expense available,no extra info available,00:30–00:00,24 uur geopend,24 uur geopend. Openingstijden gedurende de week verbergen,24 uur geopend,(Labour Day) 24 uur geopend Openingstijden kunnen afwijken,24 uur geopend,24 uur geopend
47,"https://www.google.be/maps/place/AD+Terbank+Heverlee/@50.884047,4.6348753,12z/data=!4m16!1m10!2m9!1sSupermarkt!3m6!1sSupermarkt!2sLeuven!3s0x47c160d05ebbdf85:0x40099ab2f4d5690!4m2!1d4.7005176!2d50.8798438!6e6!3m4!1s0x47c16102e5db70ff:0x5c5584b449be271b!8m2!3d50.8751252!4d4.6747737",Leuven,AD Terbank Heverlee,VMGF+3W Leuven,Supermarkt,"Tervuursesteenweg 154, 3001 Leuven","3,8",233,no expense available,no extra info available,12:00–19:30,08:00–19:30,08:00–19:30. Openingstijden gedurende de week verbergen,08:00–19:30,(Labour Day) 08:00–12:00 Openingstijden kunnen afwijken,08:00–19:30,08:00–12:00
48,"https://www.google.be/maps/place/Delhaize+Shop+Herent/@50.884047,4.6348753,12z/data=!4m16!1m10!2m9!1sSupermarkt!3m6!1sSupermarkt!2sLeuven!3s0x47c160d05ebbdf85:0x40099ab2f4d5690!4m2!1d4.7005176!2d50.8798438!6e6!3m4!1s0x47c160f9ba88c115:0xbff19b4adc1640d7!8m2!3d50.8863985!4d4.6699048",Leuven,Delhaize Shop Herent,VMP9+HX Herent,Supermarkt,"Brusselsesteenweg 8, 3020 Herent","4,0",54,no expense available,no extra info available,05:30–22:00,05:30–22:00,05:30–22:00. Openingstijden gedurende de week verbergen,05:30–22:00,(Labour Day) Gesloten Openingstijden kunnen afwijken,05:30–22:00,05:30–22:00
49,"https://www.google.be/maps/place/Al+Taj/@50.884047,4.6348753,12z/data=!4m16!1m10!2m9!1sSupermarkt!3m6!1sSupermarkt!2sLeuven!3s0x47c160d05ebbdf85:0x40099ab2f4d5690!4m2!1d4.7005176!2d50.8798438!6e6!3m4!1s0x47c161d061c40c65:0xd7f1f0f8a98107b!8m2!3d50.8892206!4d4.7059082",Leuven,Al Taj,VPQ4+M9 Leuven,Kruidenier,3012 Leuven,"4,3",73,no expense available,no extra info available,09:00–20:00,09:00–20:00,09:00–20:00. Openingstijden gedurende de week verbergen,09:00–20:00,(Labour Day) 09:00–20:00 Openingstijden kunnen afwijken,09:00–20:00,09:00–20:00
50,"https://www.google.be/maps/place/FA+Learning+Center+Leuven/@50.884047,4.6348753,12z/data=!4m16!1m10!2m9!1sSupermarkt!3m6!1sSupermarkt!2sLeuven!3s0x47c160d05ebbdf85:0x40099ab2f4d5690!4m2!1d4.7005176!2d50.8798438!6e6!3m4!1s0x47c161fb8dfaf079:0x7de44ab3364bf6a5!8m2!3d50.8819521!4d4.7129003",Leuven,FA Learning Center Leuven,VPJ7+Q5 Leuven,Supermarkt,"Diestsestraat 226, 3000 Leuven","1,0",1,no expense available,no extra info available,07:00–21:00,07:00–21:00,07:00–21:00. Openingstijden gedurende de week verbergen,07:00–21:00,(Labour Day) Gesloten Openingstijden kunnen afwijken,07:00–21:00,07:00–21:00
51,"https://www.google.be/maps/place/Fresh+Atelier/@50.884047,4.6348753,12z/data=!4m16!1m10!2m9!1sSupermarkt!3m6!1sSupermarkt!2sLeuven!3s0x47c160d05ebbdf85:0x40099ab2f4d5690!4m2!1d4.7005176!2d50.8798438!6e6!3m4!1s0x47c16189e79f9697:0x50b2067e6be4bd0!8m2!3d50.8742752!4d4.7120075",Leuven,Fresh Atelier,VPF6+PR Leuven,Supermarkt,"Tiensestraat 226, 3000 Leuven",no reviews available,no reviews available,no expense available,no extra info available,['no hours available'],['no hours available'],['no hours available'],['no hours available'],['no hours available'],['no hours available'],['no hours available']
52,"https://www.google.be/maps/place/Quermia+%2F+Eddy/@50.884047,4.6348753,12z/data=!4m16!1m10!2m9!1sSupermarkt!3m6!1sSupermarkt!2sLeuven!3s0x47c160d05ebbdf85:0x40099ab2f4d5690!4m2!1d4.7005176!2d50.8798438!6e6!3m4!1s0x47c160ed2904a969:0x20a8055480cc9193!8m2!3d50.8971327!4d4.6830034",Leuven,Quermia / Eddy,VMWM+V6 Herent,Supermarkt,"Acacialaan 5, 3020 Herent",no reviews available,no reviews available,no expense available,no extra info available,['no hours available'],['no hours available'],['no hours available'],['no hours available'],['no hours available'],['no hours available'],['no hours available']
53,"https://www.google.be/maps/place/louis+delhaize+Heverlee+(Texaco)/@50.884047,4.6348753,12z/data=!4m16!1m10!2m9!1sSupermarkt!3m6!1sSupermarkt!2sLeuven!3s0x47c160d05ebbdf85:0x40099ab2f4d5690!4m2!1d4.7005176!2d50.8798438!6e6!3m4!1s0x47c161da27542d3b:0x54e212895e205937!8m2!3d50.875338!4d4.675613",Leuven,louis delhaize Heverlee (Texaco),VMGG+46 Leuven,Supermarkt,"Tervuursesteenweg 144, 3001 Leuven",no reviews available,no reviews available,no expense available,no extra info available,01:00–00:00,01:00–00:00,01:00–00:00. Openingstijden gedurende de week verbergen,01:00–00:00,(Labour Day) 01:00–00:00 Openingstijden kunnen afwijken,01:00–00:00,01:00–00:00
54,"https://www.google.be/maps/place/Broodautomaat+Egenhoven/@50.884047,4.6348753,12z/data=!4m16!1m10!2m9!1sSupermarkt!3m6!1sSupermarkt!2sLeuven!3s0x47c160d05ebbdf85:0x40099ab2f4d5690!4m2!1d4.7005176!2d50.8798438!6e6!3m4!1s0x47c161975f1f2a3f:0x2cfa01bd76ad72de!8m2!3d50.862652!4d4.6594313",Leuven,Broodautomaat Egenhoven,VM75+3Q Leuven,Supermarkt,"Sint-Jansbergsesteenweg 240, 3001 Leuven",no reviews available,no reviews available,no expense available,no extra info available,['no hours available'],['no hours available'],['no hours available'],['no hours available'],['no hours available'],['no hours available'],['no hours available']
55,"https://www.google.be/maps/place/Louis+Delhaize+Bertem/@50.884047,4.6348753,12z/data=!4m16!1m10!2m9!1sSupermarkt!3m6!1sSupermarkt!2sLeuven!3s0x47c160d05ebbdf85:0x40099ab2f4d5690!4m2!1d4.7005176!2d50.8798438!6e6!3m4!1s0x47c16103ad149b83:0x5b2c7bef18091e60!8m2!3d50.8655556!4d4.6286111",Leuven,Louis Delhaize Bertem,VJ8H+6C Bertem,Supermarkt,"null, Tervuursesteenweg 186, 3060 Bertem","4,1",27,no expense available,no extra info available,08:00–20:00,Gesloten,08:00–20:00. Openingstijden gedurende de week verbergen,08:00–20:00,(Labour Day) 08:00–20:00 Openingstijden kunnen afwijken,08:00–20:00,08:00–20:00
56,"https://www.google.be/maps/place/Super+Stanley+nv/@50.884047,4.6348753,12z/data=!4m16!1m10!2m9!1sSupermarkt!3m6!1sSupermarkt!2sLeuven!3s0x47c160d05ebbdf85:0x40099ab2f4d5690!4m2!1d4.7005176!2d50.8798438!6e6!3m4!1s0x47c167495644569d:0xb183b4eed10b6f18!8m2!3d50.8998026!4d4.7262762",Leuven,Super Stanley nv,VPXG+WG Leuven,Supermarkt,"Wilselsesteenweg 115, 3010 Leuven","4,0",2,€,no extra info available,13:30–19:00,09:00–19:00,09:00–19:00. Openingstijden gedurende de week verbergen,09:00–19:00,(Labour Day) 09:00–19:00 Openingstijden kunnen afwijken,09:00–18:00,09:00–12:30
57,"https://www.google.be/maps/place/SPAR+CG+Kessel-Lo/@50.884047,4.6348753,12z/data=!4m16!1m10!2m9!1sSupermarkt!3m6!1sSupermarkt!2sLeuven!3s0x47c160d05ebbdf85:0x40099ab2f4d5690!4m2!1d4.7005176!2d50.8798438!6e6!3m4!1s0x47c167494278a36b:0x193cb38133eb6ef!8m2!3d50.899753!4d4.725864",Leuven,SPAR CG Kessel-Lo,VPXG+W8 Leuven,Supermarkt,"Wilselsesteenweg 115, 3010 Leuven","4,2",246,no expense available,no extra info available,13:30–19:00,09:00–19:00,09:00–19:00. Openingstijden gedurende de week verbergen,09:00–19:00,(Labour Day) 09:00–19:00 Openingstijden kunnen afwijken,09:00–18:00,09:00–12:30
58,"https://www.google.be/maps/place/hypermarch%C3%A9+Carrefour/@50.884047,4.6348753,12z/data=!4m16!1m10!2m9!1sSupermarkt!3m6!1sSupermarkt!2sLeuven!3s0x47c160d05ebbdf85:0x40099ab2f4d5690!4m2!1d4.7005176!2d50.8798438!6e6!3m4!1s0x47c166e5a451b333:0x4e1fae066a5221ac!8m2!3d50.8654471!4d4.7472245",Leuven,hypermarché Carrefour,VP8W+5V Korbeek-Lo,Hypermarkt,"Vlinderlaan 1C, 3360 Korbeek-Lo","3,9",170,no expense available,no extra info available,08:00–20:00,08:00–20:00,08:00–20:00. Openingstijden gedurende de week verbergen,08:00–20:00,(Labour Day) Gesloten Afwijkende openingstijden,08:00–20:00,Gesloten
59,"https://www.google.be/maps/place/Postpunt/@50.884047,4.6348753,12z/data=!4m16!1m10!2m9!1sSupermarkt!3m6!1sSupermarkt!2sLeuven!3s0x47c160d05ebbdf85:0x40099ab2f4d5690!4m2!1d4.7005176!2d50.8798438!6e6!3m4!1s0x47c1614ce182500b:0xc726d80d684c5a85!8m2!3d50.8695019!4d4.7073699",Leuven,Postpunt,VP94+RW Leuven,Kruidenier,"Parkstraat 206/a, 3000, 3000 Leuven",no reviews available,no reviews available,no expense available,no extra info available,['no hours available'],['no hours available'],['no hours available'],['no hours available'],['no hours available'],['no hours available'],['no hours available']
60,"https://www.google.be/maps/place/ALDI+Bierbeek/@50.884047,4.6348753,12z/data=!4m16!1m10!2m9!1sSupermarkt!3m6!1sSupermarkt!2sLeuven!3s0x47c160d05ebbdf85:0x40099ab2f4d5690!4m2!1d4.7005176!2d50.8798438!6e6!3m4!1s0x47c166ddb6025ffb:0x5742a9ff525d0c62!8m2!3d50.8656629!4d4.7494411",Leuven,ALDI Bierbeek,VP8X+7Q Bierbeek,Discountsupermarkt,"Tiensesteenweg 1, 3360 Bierbeek","3,9",246,€,no extra info available,08:30–19:00,08:30–19:00,08:30–19:00. Openingstijden gedurende de week verbergen,08:30–19:00,(Labour Day) 08:30–19:00 Openingstijden kunnen afwijken,08:30–19:00,Gesloten
61,"https://www.google.be/maps/place/Circle/@50.884047,4.6348753,12z/data=!4m16!1m10!2m9!1sSupermarkt!3m6!1sSupermarkt!2sLeuven!3s0x47c160d05ebbdf85:0x40099ab2f4d5690!4m2!1d4.7005176!2d50.8798438!6e6!3m4!1s0x47c160d93f6dfcdd:0x5940198dd5ab84c3!8m2!3d50.8801001!4d4.6977876",Leuven,Circle,VMJX+24 Leuven,Aziatische kruidenierswinkel,"Brusselsestraat 48, 3000 Leuven","4,4",383,no expense available,no extra info available,10:00–19:00,Gesloten,10:00–19:00. Openingstijden gedurende de week verbergen,10:00–19:00,(Labour Day) 10:00–20:00 Openingstijden kunnen afwijken,10:00–20:00,10:00–19:00
62,"https://www.google.be/maps/place/ALDI/@50.884047,4.6348753,12z/data=!4m16!1m10!2m9!1sSupermarkt!3m6!1sSupermarkt!2sLeuven!3s0x47c160d05ebbdf85:0x40099ab2f4d5690!4m2!1d4.7005176!2d50.8798438!6e6!3m4!1s0x47c161b752ca689b:0x1725fc328d946fe!8m2!3d50.8639304!4d4.625894",Leuven,ALDI,VJ7G+H9 Bertem,Supermarkt,"Tervuursesteenweg 167, 3060 Bertem","4,0",344,€,no extra info available,08:30–19:00,08:30–19:00,08:30–19:00. Openingstijden gedurende de week verbergen,08:30–19:00,(Labour Day) 08:30–19:00 Openingstijden kunnen afwijken,08:30–18:00,Gesloten
63,"https://www.google.be/maps/place/24u+shop/@50.884047,4.6348753,12z/data=!4m16!1m10!2m9!1sSupermarkt!3m6!1sSupermarkt!2sLeuven!3s0x47c160d05ebbdf85:0x40099ab2f4d5690!4m2!1d4.7005176!2d50.8798438!6e6!3m4!1s0x47c161024282f335:0x48324ac300736bd4!8m2!3d50.9063959!4d4.670044",Leuven,24u shop,WM4C+H2 Herent,Supermarkt,"Mechelsesteenweg 462/402, 3020 Herent","5,0",1,no expense available,no extra info available,09:00–19:00,09:00–19:00,09:00–19:00. Openingstijden gedurende de week verbergen,Gesloten,(Labour Day) 09:00–19:00 Openingstijden kunnen afwijken,09:00–19:00,09:00–19:00
64,"https://www.google.be/maps/place/Carrefour+Market+Herent/@50.884047,4.6348753,12z/data=!4m16!1m10!2m9!1sSupermarkt!3m6!1sSupermarkt!2sLeuven!3s0x47c160d05ebbdf85:0x40099ab2f4d5690!4m2!1d4.7005176!2d50.8798438!6e6!3m4!1s0x47c160865bd4bb8d:0x220f22526f9214b4!8m2!3d50.910595!4d4.673156",Leuven,Carrefour Market Herent,WM6F+67 Herent,Supermarkt,"Broekveldstraat 34, 3020 Herent","4,1",88,no expense available,no extra info available,08:30–19:00,08:30–19:00,08:30–19:00. Openingstijden gedurende de week verbergen,08:30–19:00,(Labour Day) 08:30–19:30 Openingstijden kunnen afwijken,08:30–18:00,Gesloten
65,"https://www.google.be/maps/place/Collect%26Go+Haasrode/@50.884047,4.6348753,12z/data=!4m16!1m10!2m9!1sSupermarkt!3m6!1sSupermarkt!2sLeuven!3s0x47c160d05ebbdf85:0x40099ab2f4d5690!4m2!1d4.7005176!2d50.8798438!6e6!3m4!1s0x47c166bdc385b0ab:0x80ed0d1261604d68!8m2!3d50.847906!4d4.73326",Leuven,Collect&Go Haasrode,RPXM+58 Oud-Heverlee,Supermarkt,"Interleuvenlaan 17A, 3001 Oud-Heverlee","4,4",12,no expense available,no extra info available,11:00–19:00,11:00–19:00,11:00–19:00. Openingstijden gedurende de week verbergen,11:00–19:00,(Labour Day) 11:00–19:00 Openingstijden kunnen afwijken,10:00–17:00,Gesloten
66,"https://www.google.be/maps/place/AD+Delhaize/@50.884047,4.6348753,12z/data=!4m16!1m10!2m9!1sSupermarkt!3m6!1sSupermarkt!2sLeuven!3s0x47c160d05ebbdf85:0x40099ab2f4d5690!4m2!1d4.7005176!2d50.8798438!6e6!3m4!1s0x47c160ab235ed599:0x385ff11efd5342bc!8m2!3d50.9125672!4d4.7189122",Leuven,AD Delhaize,WP79+2H Holsbeek,Supermarkt,"Pleinstraat 53, 3220 Holsbeek","3,9",303,no expense available,no extra info available,09:00–20:00,09:00–20:00,09:00–20:00. Openingstijden gedurende de week verbergen,09:00–20:00,(Labour Day) 09:00–13:00 Openingstijden kunnen afwijken,08:30–19:00,Gesloten
67,"https://www.google.be/maps/place/Carrefour+Express/@50.884047,4.6348753,12z/data=!4m16!1m10!2m9!1sSupermarkt!3m6!1sSupermarkt!2sLeuven!3s0x47c160d05ebbdf85:0x40099ab2f4d5690!4m2!1d4.7005176!2d50.8798438!6e6!3m4!1s0x47c160b1dbb68eef:0xddffe1bb6846edd0!8m2!3d50.9069618!4d4.711743",Leuven,Carrefour Express,WP46+QM Leuven,Kruidenier,"Aarschotsesteenweg 264, 3012 Leuven","4,4",5,no expense available,no extra info available,06:00–20:00,06:00–20:00,06:00–20:00. Openingstijden gedurende de week verbergen,06:00–20:00,(Labour Day) 06:00–20:00 Openingstijden kunnen afwijken,09:00–18:00,09:00–18:00
68,"https://www.google.be/maps/place/OKay+Herent/@50.884047,4.6348753,12z/data=!4m16!1m10!2m9!1sSupermarkt!3m6!1sSupermarkt!2sLeuven!3s0x47c160d05ebbdf85:0x40099ab2f4d5690!4m2!1d4.7005176!2d50.8798438!6e6!3m4!1s0x47c1607babf09f0f:0x5a0901eec9a8f85f!8m2!3d50.912159!4d4.6615152",Leuven,OKay Herent,WM66+VJ Herent,Supermarkt,"Mechelsesteenweg 635, 3020 Herent","4,2",299,no expense available,no extra info available,08:30–19:30,08:30–19:30,08:30–19:30. Openingstijden gedurende de week verbergen,08:30–19:30,(Labour Day) 08:30–19:30 Openingstijden kunnen afwijken,08:30–19:30,Gesloten
69,"https://www.google.be/maps/place/Carrefour+Express/@50.884047,4.6348753,12z/data=!4m16!1m10!2m9!1sSupermarkt!3m6!1sSupermarkt!2sLeuven!3s0x47c160d05ebbdf85:0x40099ab2f4d5690!4m2!1d4.7005176!2d50.8798438!6e6!3m4!1s0x47c167235336b31d:0xff785c152a5c5d91!8m2!3d50.8890193!4d4.7643266",Leuven,Carrefour Express,VQQ7+JP Leuven,Kruidenier,"Diestsesteenweg 718, 3010 Leuven","4,2",5,no expense available,no extra info available,06:00–20:00,06:00–20:00,06:00–20:00. Openingstijden gedurende de week verbergen,06:00–20:00,(Labour Day) 06:00–20:00 Openingstijden kunnen afwijken,08:00–19:00,09:00–19:00
70,"https://www.google.be/maps/place/SPAR+Haasrode/@50.884047,4.6348753,12z/data=!4m16!1m10!2m9!1sSupermarkt!3m6!1sSupermarkt!2sLeuven!3s0x47c160d05ebbdf85:0x40099ab2f4d5690!4m2!1d4.7005176!2d50.8798438!6e6!3m4!1s0x47c1641d383eaef7:0x21b6f2f2169e3d09!8m2!3d50.8316824!4d4.721082",Leuven,SPAR Haasrode,RPJC+MC Haasrode,Supermarkt,"Blandenstraat 173/A, 3053 Haasrode","3,9",94,no expense available,no extra info available,13:30–18:30,09:00–18:30,09:00–18:30. Openingstijden gedurende de week verbergen,09:00–18:30,(Labour Day) 09:00–18:30 Openingstijden kunnen afwijken,09:00–18:30,09:00–12:00
71,"https://www.google.be/maps/place/Gigi/@50.884047,4.6348753,12z/data=!4m16!1m10!2m9!1sSupermarkt!3m6!1sSupermarkt!2sLeuven!3s0x47c160d05ebbdf85:0x40099ab2f4d5690!4m2!1d4.7005176!2d50.8798438!6e6!3m4!1s0x47c160d982a84579:0xb0bafa19d01a802f!8m2!3d50.8807788!4d4.6997927",Leuven,Gigi,VMJX+8W Leuven,Italiaanse kruidenierswinkel,"Mechelsestraat 34, 3000 Leuven","4,8",5,no expense available,no extra info available,Gesloten,10:00–18:00,10:00–18:00. Openingstijden gedurende de week verbergen,10:00–18:00,(Labour Day) 10:00–20:00 Openingstijden kunnen afwijken,10:00–18:00,Gesloten
72,"https://www.google.be/maps/place/ALDI+Herent/@50.884047,4.6348753,12z/data=!4m16!1m10!2m9!1sSupermarkt!3m6!1sSupermarkt!2sLeuven!3s0x47c160d05ebbdf85:0x40099ab2f4d5690!4m2!1d4.7005176!2d50.8798438!6e6!3m4!1s0x47c1607c6254f379:0x6b875d87afa8c82d!8m2!3d50.9118727!4d4.6667351",Leuven,ALDI Herent,WM68+PM Herent,Supermarkt,"Tildonksesteenweg 73, 3020 Herent","4,0",275,€,no extra info available,08:30–19:00,08:30–19:00,08:30–19:00. Openingstijden gedurende de week verbergen,08:30–19:00,(Labour Day) 08:30–19:00 Openingstijden kunnen afwijken,08:30–18:00,Gesloten
73,"https://www.google.be/maps/place/ALDI+Holsbeek/@50.884047,4.6348753,12z/data=!4m16!1m10!2m9!1sSupermarkt!3m6!1sSupermarkt!2sLeuven!3s0x47c160d05ebbdf85:0x40099ab2f4d5690!4m2!1d4.7005176!2d50.8798438!6e6!3m4!1s0x47c160ab6defba2f:0x11fb9534fb97e137!8m2!3d50.912894!4d4.7189508",Leuven,ALDI Holsbeek,WP79+5H Holsbeek,Supermarkt,"Pleinstraat 53 D, 3220 Holsbeek","4,0",116,€,no extra info available,08:30–19:00,08:30–19:00,08:30–19:00. Openingstijden gedurende de week verbergen,08:30–19:00,(Labour Day) 08:30–19:00 Openingstijden kunnen afwijken,08:30–18:00,Gesloten
74,"https://www.google.be/maps/place/AVEVE/@50.884047,4.6348753,12z/data=!4m16!1m10!2m9!1sSupermarkt!3m6!1sSupermarkt!2sLeuven!3s0x47c160d05ebbdf85:0x40099ab2f4d5690!4m2!1d4.7005176!2d50.8798438!6e6!3m4!1s0x47c161ec0f72f691:0x7c6d6d80a2b5937e!8m2!3d50.8970207!4d4.7074459",Leuven,AVEVE,VPW4+RX Leuven,Kruidenier,"Aarschotsesteenweg, 3012 Leuven","4,0",4,no expense available,no extra info available,['no hours available'],['no hours available'],['no hours available'],['no hours available'],['no hours available'],['no hours available'],['no hours available']
75,"https://www.google.be/maps/place/Fragel+bvba/@50.884047,4.6348753,12z/data=!4m16!1m10!2m9!1sSupermarkt!3m6!1sSupermarkt!2sLeuven!3s0x47c160d05ebbdf85:0x40099ab2f4d5690!4m2!1d4.7005176!2d50.8798438!6e6!3m4!1s0x47c1606ba2b8f1d3:0x8a43dc2a7fb3229c!8m2!3d50.9028475!4d4.6475993",Leuven,Fragel bvba,WJ3X+42 Herent,Supermarkt,"Vilvoordsebaan 54, 3020 Herent","3,5",2,no expense available,no extra info available,['no hours available'],['no hours available'],['no hours available'],['no hours available'],['no hours available'],['no hours available'],['no hours available']
76,"https://www.google.be/maps/place/Everest+House/@50.884047,4.6348753,12z/data=!4m16!1m10!2m9!1sSupermarkt!3m6!1sSupermarkt!2sLeuven!3s0x47c160d05ebbdf85:0x40099ab2f4d5690!4m2!1d4.7005176!2d50.8798438!6e6!3m4!1s0x47c160de91fcc1eb:0x7bc44815008778ab!8m2!3d50.880654!4d4.6944187",Leuven,Everest House,VMJV+7Q Leuven,Aziatische kruidenierswinkel,"Brusselsestraat 128, 3000 Leuven","4,4",203,no expense available,no extra info available,09:00–20:00,09:00–20:00,09:00–20:00. Openingstijden gedurende de week verbergen,09:00–20:00,(Labour Day) 09:00–20:00 Openingstijden kunnen afwijken,09:00–20:00,09:00–20:00
77,"https://www.google.be/maps/place/ALDI+Haasrode/@50.884047,4.6348753,12z/data=!4m16!1m10!2m9!1sSupermarkt!3m6!1sSupermarkt!2sLeuven!3s0x47c160d05ebbdf85:0x40099ab2f4d5690!4m2!1d4.7005176!2d50.8798438!6e6!3m4!1s0x47c1641d167bbf41:0xc03c1c03a367a09b!8m2!3d50.8318985!4d4.7217287",Leuven,ALDI Haasrode,RPJC+QM Haasrode,Supermarkt,"Blandenstraat 177 B, 3053 Haasrode","4,1",128,€,no extra info available,08:30–19:00,08:30–19:00,08:30–19:00. Openingstijden gedurende de week verbergen,08:30–19:00,(Labour Day) 08:30–19:00 Openingstijden kunnen afwijken,08:30–18:00,Gesloten
78,"https://www.google.be/maps/place/Louis+Delhaize/@50.884047,4.6348753,12z/data=!4m16!1m10!2m9!1sSupermarkt!3m6!1sSupermarkt!2sLeuven!3s0x47c160d05ebbdf85:0x40099ab2f4d5690!4m2!1d4.7005176!2d50.8798438!6e6!3m4!1s0x47c165d48da2eb9d:0x716d4d253023fcd2!8m2!3d50.8280331!4d4.75925",Leuven,Louis Delhaize,RQH5+6P Bierbeek,Supermarkt,"Dorpsstraat 27, 3360 Bierbeek","4,0",46,no expense available,no extra info available,13:00–19:00,07:00–19:00,07:00–19:00. Openingstijden gedurende de week verbergen,07:00–19:00,(Labour Day) 07:00–19:00 Openingstijden kunnen afwijken,08:00–19:00,08:00–12:00
79,"https://www.google.be/maps/place/SPAR+Linden/@50.884047,4.6348753,12z/data=!4m16!1m10!2m9!1sSupermarkt!3m6!1sSupermarkt!2sLeuven!3s0x47c160d05ebbdf85:0x40099ab2f4d5690!4m2!1d4.7005176!2d50.8798438!6e6!3m4!1s0x47c1679f899164cb:0x3cd4ef12c35acc78!8m2!3d50.8941836!4d4.7709433",Leuven,SPAR Linden,VQVC+M9 Lubbeek,Supermarkt,"Gemeentestraat 20, 3210 Lubbeek","4,3",64,no expense available,no extra info available,Gesloten,08:00–18:30,08:00–18:30. Openingstijden gedurende de week verbergen,08:00–18:30,(Labour Day) 08:00–18:30 Openingstijden kunnen afwijken,08:00–18:00,07:30–12:00
80,"https://www.google.be/maps/place/SPAR/@50.884047,4.6348753,12z/data=!4m16!1m10!2m9!1sSupermarkt!3m6!1sSupermarkt!2sLeuven!3s0x47c160d05ebbdf85:0x40099ab2f4d5690!4m2!1d4.7005176!2d50.8798438!6e6!3m4!1s0x47c15e3d73c1e64d:0xfef2c336c86fd00!8m2!3d50.9306595!4d4.6974392",Leuven,SPAR,WMJW+7X Wijgmaal,Supermarkt,"Baron Descampslaan 112, 3018 Wijgmaal","4,1",171,no expense available,no extra info available,Gesloten,08:30–18:30,08:30–18:30. Openingstijden gedurende de week verbergen,08:30–18:30,(Labour Day) Gesloten Afwijkende openingstijden,08:30–18:00,08:30–12:00
81,"https://www.google.be/maps/place/Dagwinkel/@50.884047,4.6348753,12z/data=!4m16!1m10!2m9!1sSupermarkt!3m6!1sSupermarkt!2sLeuven!3s0x47c160d05ebbdf85:0x40099ab2f4d5690!4m2!1d4.7005176!2d50.8798438!6e6!3m4!1s0x47c15e23e1ccf111:0xeaf735abbbe511b0!8m2!3d50.9234895!4d4.6925579",Leuven,Dagwinkel,WMFV+92 Leuven,Supermarkt,"Vaartdijk 23, 3018 Leuven","5,0",5,no expense available,no extra info available,['no hours available'],['no hours available'],['no hours available'],['no hours available'],['no hours available'],['no hours available'],['no hours available']
82,"https://www.google.be/maps/place/Proxy+Delhaize+Sint-Joris-Weert/@50.884047,4.6348753,12z/data=!4m16!1m10!2m9!1sSupermarkt!3m6!1sSupermarkt!2sLeuven!3s0x47c160d05ebbdf85:0x40099ab2f4d5690!4m2!1d4.7005176!2d50.8798438!6e6!3m4!1s0x47c16252fd8cf231:0xa1abaf5f8513854c!8m2!3d50.8025667!4d4.6496278",Leuven,Proxy Delhaize Sint-Joris-Weert,RJ3X+2V Oud-Heverlee,Supermarkt,"Beekstraat 21, 3051 Oud-Heverlee","4,4",224,no expense available,no extra info available,12:30–19:00,08:00–19:00,08:00–19:00. Openingstijden gedurende de week verbergen,08:00–19:00,(Labour Day) Gesloten Openingstijden kunnen afwijken,08:00–19:00,08:00–12:30
83,"https://www.google.be/maps/place/Carrefour+market/@50.884047,4.6348753,12z/data=!4m16!1m10!2m9!1sSupermarkt!3m6!1sSupermarkt!2sLeuven!3s0x47c160d05ebbdf85:0x40099ab2f4d5690!4m2!1d4.7005176!2d50.8798438!6e6!3m4!1s0x47c168680c77f869:0x6ed11e05a3b5d448!8m2!3d50.881172!4d4.840469",Leuven,Carrefour market,VRJR+F5 Lubbeek,Supermarkt,"Bollenberg 8, 3210 Lubbeek","3,8",36,no expense available,no extra info available,13:00–19:00,09:00–19:00,09:00–19:00. Openingstijden gedurende de week verbergen,09:00–19:00,(Labour Day) 09:00–20:00 Openingstijden kunnen afwijken,09:00–19:00,08:30–13:00
84,"https://www.google.be/maps/place/OKay/@50.884047,4.6348753,12z/data=!4m16!1m10!2m9!1sSupermarkt!3m6!1sSupermarkt!2sLeuven!3s0x47c160d05ebbdf85:0x40099ab2f4d5690!4m2!1d4.7005176!2d50.8798438!6e6!3m4!1s0x47c15ddc51254439:0x26c4094b0443c56e!8m2!3d50.940759!4d4.734561",Leuven,OKay,WPRM+8R Rotselaar,Supermarkt,"Stationsstraat 229, 3110 Rotselaar","4,1",394,no expense available,no extra info available,08:30–19:30,08:30–19:30,08:30–19:30. Openingstijden gedurende de week verbergen,08:30–19:30,(Labour Day) 08:30–19:30 Openingstijden kunnen afwijken,08:30–19:30,Gesloten
85,"https://www.google.be/maps/place/KIKA/@50.884047,4.6348753,12z/data=!4m16!1m10!2m9!1sSupermarkt!3m6!1sSupermarkt!2sLeuven!3s0x47c160d05ebbdf85:0x40099ab2f4d5690!4m2!1d4.7005176!2d50.8798438!6e6!3m4!1s0x47c15fa43dc3e579:0xcbc5618bc4750dfe!8m2!3d50.9254109!4d4.6962858",Leuven,KIKA,WMGW+5G Leuven,Supermarkt,"Nieuwstraat 43, 3018 Leuven",no reviews available,no reviews available,no expense available,no extra info available,['no hours available'],['no hours available'],['no hours available'],['no hours available'],['no hours available'],['no hours available'],['no hours available']
86,"https://www.google.be/maps/place/HIPER+GLOBE/@50.884047,4.6348753,12z/data=!4m16!1m10!2m9!1sSupermarkt!3m6!1sSupermarkt!2sLeuven!3s0x47c160d05ebbdf85:0x40099ab2f4d5690!4m2!1d4.7005176!2d50.8798438!6e6!3m4!1s0x47c15f81484c946b:0x1fdba531050523c5!8m2!3d50.9254109!4d4.6962858",Leuven,HIPER GLOBE,WMGW+5G Leuven,Supermarkt,"Nieuwstraat 43, 3018 Leuven",no reviews available,no reviews available,no expense available,no extra info available,['no hours available'],['no hours available'],['no hours available'],['no hours available'],['no hours available'],['no hours available'],['no hours available']
87,"https://www.google.be/maps/place/Carrefour+express/@50.884047,4.6348753,12z/data=!4m16!1m10!2m9!1sSupermarkt!3m6!1sSupermarkt!2sLeuven!3s0x47c160d05ebbdf85:0x40099ab2f4d5690!4m2!1d4.7005176!2d50.8798438!6e6!3m4!1s0x47c15f936130b503:0x1b0eade5469580cf!8m2!3d50.9424621!4d4.6432608",Leuven,Carrefour express,WJRV+X8 Haacht,Kruidenier,"Woeringstraat 25, 3150 Haacht","3,8",22,no expense available,no extra info available,07:00–20:00,07:00–20:00,07:00–13:00. Openingstijden gedurende de week verbergen,13:00–20:00,(Labour Day) 07:00–20:00 Openingstijden kunnen afwijken,07:00–20:00,07:00–20:00
88,"https://www.google.be/maps/place/louis+delhaize/@50.884047,4.6348753,12z/data=!4m16!1m10!2m9!1sSupermarkt!3m6!1sSupermarkt!2sLeuven!3s0x47c160d05ebbdf85:0x40099ab2f4d5690!4m2!1d4.7005176!2d50.8798438!6e6!3m4!1s0x47c3de37ba068561:0x37ac6bb0b419a8b9!8m2!3d50.9040456!4d4.5584218",Leuven,louis delhaize,WH35+J9 Kortenberg,Supermarkt,"Dorpsplein 20, 3071 Kortenberg","4,0",36,no expense available,no extra info available,08:00–18:30,08:00–18:30,08:00–18:30. Openingstijden gedurende de week verbergen,08:00–18:30,(Labour Day) 08:00–18:30 Openingstijden kunnen afwijken,08:00–18:30,08:00–13:00
89,"https://www.google.be/maps/place/OKay+Boutersem/@50.884047,4.6348753,12z/data=!4m16!1m10!2m9!1sSupermarkt!3m6!1sSupermarkt!2sLeuven!3s0x47c160d05ebbdf85:0x40099ab2f4d5690!4m2!1d4.7005176!2d50.8798438!6e6!3m4!1s0x47c168c62c43ecc9:0xfcbf0cfce85c0403!8m2!3d50.8399253!4d4.8386609",Leuven,OKay Boutersem,RRQQ+XF Boutersem,Supermarkt,"Leuvensesteenweg 297, 3370 Boutersem","4,2",328,no expense available,no extra info available,08:30–19:30,08:30–19:30,08:30–19:30. Openingstijden gedurende de week verbergen,08:30–19:30,(Labour Day) 08:30–19:30 Openingstijden kunnen afwijken,08:30–19:30,Gesloten
90,"https://www.google.be/maps/place/ALDI/@50.884047,4.6348753,12z/data=!4m16!1m10!2m9!1sSupermarkt!3m6!1sSupermarkt!2sLeuven!3s0x47c160d05ebbdf85:0x40099ab2f4d5690!4m2!1d4.7005176!2d50.8798438!6e6!3m4!1s0x47c1680e7d080a15:0xaa3afa027be7558f!8m2!3d50.8977879!4d4.8284442",Leuven,ALDI,VRXH+49 Lubbeek,Supermarkt,"Staatsbaan 200, 3210 Lubbeek","4,0",227,€,no extra info available,08:30–19:00,08:30–19:00,08:30–19:00. Openingstijden gedurende de week verbergen,08:30–19:00,(Labour Day) 08:30–19:00 Openingstijden kunnen afwijken,08:30–19:00,Gesloten
91,"https://www.google.be/maps/place/De+Dru%C3%AFde/@50.884047,4.6348753,12z/data=!4m16!1m10!2m9!1sSupermarkt!3m6!1sSupermarkt!2sLeuven!3s0x47c160d05ebbdf85:0x40099ab2f4d5690!4m2!1d4.7005176!2d50.8798438!6e6!3m4!1s0x47c15e061f65857f:0x90ff077ef159c4ee!8m2!3d50.927389!4d4.7186209",Leuven,De Druïde,WPG9+XC Leuven,Kruidenier,"Jan van Avondtstraat 25, 3012 Leuven","4,8",4,no expense available,no extra info available,Gesloten,Gesloten,14:00–18:00. Openingstijden gedurende de week verbergen,Gesloten,(Labour Day) Gesloten Openingstijden kunnen afwijken,09:00–17:00,Gesloten
92,"https://www.google.be/maps/place/''t+Natuurtje'/@50.884047,4.6348753,12z/data=!4m16!1m10!2m9!1sSupermarkt!3m6!1sSupermarkt!2sLeuven!3s0x47c160d05ebbdf85:0x40099ab2f4d5690!4m2!1d4.7005176!2d50.8798438!6e6!3m4!1s0x47c160d90e4464ad:0xfe90cf6ac149fcbe!8m2!3d50.879671!4d4.699336",Leuven,'t Natuurtje,VMHX+VP Leuven,Kruidenierszaak,"Brusselsestraat 20, 3000 Leuven","4,0",6,no expense available,no extra info available,07:30–18:30,07:30–18:30,07:30–18:30. Openingstijden gedurende de week verbergen,07:30–18:30,(Labour Day) 07:30–18:30 Openingstijden kunnen afwijken,08:00–13:00,Gesloten
93,"https://www.google.be/maps/place/AD+Kampenhout/@50.884047,4.6348753,12z/data=!4m16!1m10!2m9!1sSupermarkt!3m6!1sSupermarkt!2sLeuven!3s0x47c160d05ebbdf85:0x40099ab2f4d5690!4m2!1d4.7005176!2d50.8798438!6e6!3m4!1s0x47c3e0926d020dff:0x7fe2528526e1dfb8!8m2!3d50.9406245!4d4.5606825",Leuven,AD Kampenhout,WHR6+67 Kampenhout,Supermarkt,"Stationsstraat 64, 1910 Kampenhout","4,0",173,no expense available,no extra info available,08:30–18:30,08:30–18:30,08:30–18:30. Openingstijden gedurende de week verbergen,08:30–18:30,(Labour Day) Gesloten Openingstijden kunnen afwijken,08:30–18:00,Gesloten
94,"https://www.google.be/maps/place/Voedselteams/@50.884047,4.6348753,12z/data=!4m16!1m10!2m9!1sSupermarkt!3m6!1sSupermarkt!2sLeuven!3s0x47c160d05ebbdf85:0x40099ab2f4d5690!4m2!1d4.7005176!2d50.8798438!6e6!3m4!1s0x47c166d6dedfc395:0xbc5fa1d709f9b793!8m2!3d50.8710787!4d4.7231554",Leuven,Voedselteams,VPCF+C7 Leuven,Biologische kruidenier,"Albert Stainierstraat 1, 3001 Leuven","5,0",1,no expense available,no extra info available,['no hours available'],['no hours available'],['no hours available'],['no hours available'],['no hours available'],['no hours available'],['no hours available']
95,"https://www.google.be/maps/place/Annick+en+Daniel/@50.884047,4.6348753,12z/data=!4m16!1m10!2m9!1sSupermarkt!3m6!1sSupermarkt!2sLeuven!3s0x47c160d05ebbdf85:0x40099ab2f4d5690!4m2!1d4.7005176!2d50.8798438!6e6!3m4!1s0x47c1613b347f2ba9:0xf508ceae1a0088fe!8m2!3d50.8658305!4d4.6962658",Leuven,Annick en Daniel,VM8W+8G Leuven,Kruidenierszaak,"Naamsesteenweg 99, 3001 Leuven","4,9",50,no expense available,no extra info available,Gesloten,08:30–18:30,08:30–18:30. Openingstijden gedurende de week verbergen,08:30–18:30,(Labour Day) 08:30–18:30 Openingstijden kunnen afwijken,08:30–16:00,Gesloten
96,"https://www.google.be/maps/place/Lidl/@50.884047,4.6348753,12z/data=!4m16!1m10!2m9!1sSupermarkt!3m6!1sSupermarkt!2sLeuven!3s0x47c160d05ebbdf85:0x40099ab2f4d5690!4m2!1d4.7005176!2d50.8798438!6e6!3m4!1s0x47c167e1cd4eec8d:0xd9817c69941afeed!8m2!3d50.8952392!4d4.8181564",Leuven,Lidl,VRW9+37 Lubbeek,Supermarkt,"Staatsbaan 110, 3210 Lubbeek","4,0",332,no expense available,no extra info available,08:30–19:00,08:30–19:00,08:30–19:00. Openingstijden gedurende de week verbergen,08:30–19:00,(Labour Day) Gesloten Afwijkende openingstijden,08:30–18:00,Gesloten
97,"https://www.google.be/maps/place/qase/@50.884047,4.6348753,12z/data=!4m16!1m10!2m9!1sSupermarkt!3m6!1sSupermarkt!2sLeuven!3s0x47c160d05ebbdf85:0x40099ab2f4d5690!4m2!1d4.7005176!2d50.8798438!6e6!3m4!1s0x47c1691ab7a6ebb7:0x6d864d5ae0e1710c!8m2!3d50.8481247!4d4.8279012",Leuven,qase,RRXH+65 Boutersem,Kruidenier,"Heidestraat 38, 3370 Boutersem",no reviews available,no reviews available,no expense available,no extra info available,['no hours available'],['no hours available'],['no hours available'],['no hours available'],['no hours available'],['no hours available'],['no hours available']
98,"https://www.google.be/maps/place/Content/@50.884047,4.6348753,12z/data=!4m16!1m10!2m9!1sSupermarkt!3m6!1sSupermarkt!2sLeuven!3s0x47c160d05ebbdf85:0x40099ab2f4d5690!4m2!1d4.7005176!2d50.8798438!6e6!3m4!1s0x47c1612ac4ffad61:0x6e414bb276594457!8m2!3d50.8738309!4d4.7133763",Leuven,Content,VPF7+G9 Leuven,Natuurvoedingswinkel,"Tiensestraat 259, 3000 Leuven","4,6",123,no expense available,no extra info available,10:00–20:00,10:00–20:00,10:00–20:00. Openingstijden gedurende de week verbergen,10:00–20:00,(Labour Day) 10:00–20:00 Openingstijden kunnen afwijken,10:00–17:00,Gesloten
99,"https://www.google.be/maps/place/Kirkuk/@50.884047,4.6348753,12z/data=!4m16!1m10!2m9!1sSupermarkt!3m6!1sSupermarkt!2sLeuven!3s0x47c160d05ebbdf85:0x40099ab2f4d5690!4m2!1d4.7005176!2d50.8798438!6e6!3m4!1s0x47c160de8a3127f5:0xa2fa006a98f1015f!8m2!3d50.8804176!4d4.6937164",Leuven,Kirkuk,VMJV+5F Leuven,Aziatische kruidenierswinkel,"Kapucijnenvoer 3/2, 3000 Leuven","4,5",31,no expense available,no extra info available,Gesloten,10:00–20:00,10:00–20:00. Openingstijden gedurende de week verbergen,10:00–20:00,(Labour Day) 10:00–20:00 Openingstijden kunnen afwijken,10:00–20:00,10:00–20:00
100,"https://www.google.be/maps/place/E-noteca/@50.884047,4.6348753,12z/data=!4m16!1m10!2m9!1sSupermarkt!3m6!1sSupermarkt!2sLeuven!3s0x47c160d05ebbdf85:0x40099ab2f4d5690!4m2!1d4.7005176!2d50.8798438!6e6!3m4!1s0x47c160deaaaaaaab:0xa216b5c7f85bd460!8m2!3d50.8699973!4d4.6970143",Leuven,E-noteca,VM9W+XR Leuven,Italiaanse kruidenierswinkel,"Ooiendonk 8, 3000 Leuven","5,0",1,no expense available,no extra info available,09:00–17:00,09:00–17:00,09:00–17:00. Openingstijden gedurende de week verbergen,09:00–17:00,(Labour Day) 09:00–17:00 Openingstijden kunnen afwijken,Gesloten,Gesloten
101,"https://www.google.be/maps/place/Oil+%26+Vinegar/@50.884047,4.6348753,12z/data=!4m16!1m10!2m9!1sSupermarkt!3m6!1sSupermarkt!2sLeuven!3s0x47c160d05ebbdf85:0x40099ab2f4d5690!4m2!1d4.7005176!2d50.8798438!6e6!3m4!1s0x47c160d908430ab5:0xca43d7765eb14d9e!8m2!3d50.8794791!4d4.699365",Leuven,Oil & Vinegar,VMHX+QP Leuven,Delicatessenwinkel,"Brusselsestraat 17, 3000 Leuven","4,0",30,no expense available,no extra info available,13:00–18:00,13:00–18:00,13:00–18:00. Openingstijden gedurende de week verbergen,13:00–18:00,(Labour Day) Gesloten Afwijkende openingstijden,10:00–18:00,Gesloten
102,"https://www.google.be/maps/place/Buurderij+Haasrode/@50.884047,4.6348753,12z/data=!4m16!1m10!2m9!1sSupermarkt!3m6!1sSupermarkt!2sLeuven!3s0x47c160d05ebbdf85:0x40099ab2f4d5690!4m2!1d4.7005176!2d50.8798438!6e6!3m4!1s0x47c1657865468789:0x289f4cebe4d1a2b6!8m2!3d50.8312962!4d4.7308668",Leuven,Buurderij Haasrode,RPJJ+G8 Oud-Heverlee,Kruidenier,"Dalemstraat 6, 3053 Oud-Heverlee",no reviews available,no reviews available,no expense available,no extra info available,['no hours available'],['no hours available'],['no hours available'],['no hours available'],['no hours available'],['no hours available'],['no hours available']
103,"https://www.google.be/maps/place/Van+Veer+%2F+Emiel/@50.884047,4.6348753,12z/data=!4m16!1m10!2m9!1sSupermarkt!3m6!1sSupermarkt!2sLeuven!3s0x47c160d05ebbdf85:0x40099ab2f4d5690!4m2!1d4.7005176!2d50.8798438!6e6!3m4!1s0x47c3d8cc57b61eb3:0x293040bfc6d7d7b3!8m2!3d50.8367895!4d4.5736099",Leuven,Van Veer / Emiel,RHPF+PC Leefdaal,Supermarkt,"Dorpstraat 703, 3061 Leefdaal","4,7",9,no expense available,no extra info available,['no hours available'],['no hours available'],['no hours available'],['no hours available'],['no hours available'],['no hours available'],['no hours available']
104,"https://www.google.be/maps/place/Asia+%26+More+%E5%8D%8E%E6%B6%A6%E8%B6%85%E5%B8%82/@50.884047,4.6348753,12z/data=!4m16!1m10!2m9!1sSupermarkt!3m6!1sSupermarkt!2sLeuven!3s0x47c160d05ebbdf85:0x40099ab2f4d5690!4m2!1d4.7005176!2d50.8798438!6e6!3m4!1s0x47c161a2f474a9bd:0x479c962db9e9fe04!8m2!3d50.8962912!4d4.7076487",Leuven,Asia & More 华润超市,VPW5+G3 Leuven,Aziatische kruidenierswinkel,"Aarschotsesteenweg 92, 3012 Leuven","4,6",157,no expense available,no extra info available,13:00–18:00,09:00–19:00,09:00–19:00. Openingstijden gedurende de week verbergen,09:00–19:00,(Labour Day) 09:00–19:00 Openingstijden kunnen afwijken,09:00–19:00,13:00–18:00
105,"https://www.google.be/maps/place/Oxfam-Wereldwinkel+Leuven/@50.884047,4.6348753,12z/data=!4m16!1m10!2m9!1sSupermarkt!3m6!1sSupermarkt!2sLeuven!3s0x47c160d05ebbdf85:0x40099ab2f4d5690!4m2!1d4.7005176!2d50.8798438!6e6!3m4!1s0x47c1612ace0b4eab:0xd3ac4f2f295ff1c7!8m2!3d50.8775004!4d4.698265",Leuven,Oxfam-Wereldwinkel Leuven,VMHX+28 Leuven,Delicatessenwinkel,"Parijsstraat 56, 3000 Leuven","4,4",62,no expense available,no extra info available,['no hours available'],['no hours available'],['no hours available'],['no hours available'],['no hours available'],['no hours available'],['no hours available']
106,"https://www.google.be/maps/place/HEMA/@50.884047,4.6348753,12z/data=!4m16!1m10!2m9!1sSupermarkt!3m6!1sSupermarkt!2sLeuven!3s0x47c160d05ebbdf85:0x40099ab2f4d5690!4m2!1d4.7005176!2d50.8798438!6e6!3m4!1s0x47c160d9aa83a535:0x465c9b9b5fd37beb!8m2!3d50.8794132!4d4.6996614",Leuven,HEMA,VMHX+QV Leuven,Warenhuis,"Parijsstraat 2, 3000 Leuven","4,0",503,no expense available,no extra info available,09:30–18:00,09:30–18:00,09:30–18:00. Openingstijden gedurende de week verbergen,09:30–18:00,(Labour Day) 09:30–18:00 Openingstijden kunnen afwijken,09:30–18:00,Gesloten
107,"https://www.google.be/maps/place/AD/@50.884047,4.6348753,12z/data=!4m16!1m10!2m9!1sSupermarkt!3m6!1sSupermarkt!2sLeuven!3s0x47c160d05ebbdf85:0x40099ab2f4d5690!4m2!1d4.7005176!2d50.8798438!6e6!3m4!1s0x47c3de5db498fc29:0x4e4e63ea93b1e623!8m2!3d50.8896735!4d4.5436297",Leuven,AD,VGQV+VF Kortenberg,Supermarkt,"Stationsstraat 18, 3070 Kortenberg","4,0",271,no expense available,no extra info available,08:30–19:00,08:30–19:00,08:30–19:00. Openingstijden gedurende de week verbergen,08:30–19:00,(Labour Day) 08:30–12:30 Openingstijden kunnen afwijken,08:30–19:00,Gesloten
108,"https://www.google.be/maps/place/Peeters+%2F+Luc/@50.884047,4.6348753,12z/data=!4m16!1m10!2m9!1sSupermarkt!3m6!1sSupermarkt!2sLeuven!3s0x47c160d05ebbdf85:0x40099ab2f4d5690!4m2!1d4.7005176!2d50.8798438!6e6!3m4!1s0x47c3e0188d673ba5:0xa2e9b58b7d7d9306!8m2!3d50.9409863!4d4.6160974",Leuven,Peeters / Luc,WJR8+9C Kampenhout,Supermarkt,"Leuvensesteenweg 263, 1910 Kampenhout","4,0",3,no expense available,no extra info available,['no hours available'],['no hours available'],['no hours available'],['no hours available'],['no hours available'],['no hours available'],['no hours available']
109,"https://www.google.be/maps/place/Convento+Food/@50.884047,4.6348753,12z/data=!4m16!1m10!2m9!1sSupermarkt!3m6!1sSupermarkt!2sLeuven!3s0x47c160d05ebbdf85:0x40099ab2f4d5690!4m2!1d4.7005176!2d50.8798438!6e6!3m4!1s0x47c160dbdb312eed:0xc7c7d81f04e70a17!8m2!3d50.8809349!4d4.6986719",Leuven,Convento Food,VMJX+9F Leuven,Traiteur,"Wandelingstraat 10, 3000 Leuven","4,7",26,no expense available,no extra info available,Gesloten,Gesloten,11:00–19:00. Openingstijden gedurende de week verbergen,11:00–19:00,(Labour Day) 11:00–19:00 Openingstijden kunnen afwijken,10:00–18:00,Gesloten
110,"https://www.google.be/maps/place/Nell/@50.884047,4.6348753,12z/data=!4m16!1m10!2m9!1sSupermarkt!3m6!1sSupermarkt!2sLeuven!3s0x47c160d05ebbdf85:0x40099ab2f4d5690!4m2!1d4.7005176!2d50.8798438!6e6!3m4!1s0x47c160fc4442ab03:0x4f422c820a6fe41a!8m2!3d50.8787555!4d4.6741375",Leuven,Nell,VMHF+GM Leuven,Bloemenwinkel,"Herestraat 49, 3000 Leuven","3,6",8,no expense available,no extra info available,07:00–18:30,07:00–18:30,07:00–18:30. Openingstijden gedurende de week verbergen,07:00–18:30,(Labour Day) 07:00–18:30 Openingstijden kunnen afwijken,09:30–19:00,13:30–19:00
111,"https://www.google.be/maps/place/Vestraets+%2F+Emiel/@50.884047,4.6348753,12z/data=!4m16!1m10!2m9!1sSupermarkt!3m6!1sSupermarkt!2sLeuven!3s0x47c160d05ebbdf85:0x40099ab2f4d5690!4m2!1d4.7005176!2d50.8798438!6e6!3m4!1s0x47c3de20c4353d03:0x9a0a5a4eaf2ee1a2!8m2!3d50.9219906!4d4.5512619",Leuven,Vestraets / Emiel,WHC2+QG Kampenhout,Supermarkt,"Laarstraat 12, 1910 Kampenhout","3,5",2,no expense available,no extra info available,['no hours available'],['no hours available'],['no hours available'],['no hours available'],['no hours available'],['no hours available'],['no hours available']
112,"https://www.google.be/maps/place/Anu/@50.884047,4.6348753,12z/data=!4m16!1m10!2m9!1sSupermarkt!3m6!1sSupermarkt!2sLeuven!3s0x47c160d05ebbdf85:0x40099ab2f4d5690!4m2!1d4.7005176!2d50.8798438!6e6!3m4!1s0x47c168d1abf4db25:0xaa958b84233f7a88!8m2!3d50.8360225!4d4.8494325",Leuven,Anu,RRPX+CQ Boutersem,Supermarkt,"Leuvensesteenweg 209, 3370 Boutersem","4,2",11,no expense available,no extra info available,09:30–01:00,09:30–01:00,09:30–01:00. Openingstijden gedurende de week verbergen,09:30–01:00,(Labour Day) 09:30–01:30 Openingstijden kunnen afwijken,09:30–01:30,09:30–01:30
113,"https://www.google.be/maps/place/Medina+Leuven/@50.884047,4.6348753,12z/data=!4m16!1m10!2m9!1sSupermarkt!3m6!1sSupermarkt!2sLeuven!3s0x47c160d05ebbdf85:0x40099ab2f4d5690!4m2!1d4.7005176!2d50.8798438!6e6!3m4!1s0x47c1672d262e5e1f:0xa51b3461ab735ea9!8m2!3d50.876433!4d4.709633",Leuven,Medina Leuven,VPG5+HV Leuven,Theehuis,"Blijde Inkomststraat 31a, 3000 Leuven","4,1",164,€,Ontbijt · Gezellig · Informeel,10:00–14:00 17:00–22:00,10:00–14:00 17:00–22:00,10:00–14:00 17:00–22:00. Openingstijden gedurende de week verbergen,10:00–14:00 17:00–22:00,(Labour Day) 10:00–14:00 17:00–22:00 Openingstijden kunnen afwijken,14:00–22:00,Gesloten
114,"https://www.google.be/maps/place/Origin'O/@50.884047,4.6348753,12z/data=!4m16!1m10!2m9!1sSupermarkt!3m6!1sSupermarkt!2sLeuven!3s0x47c160d05ebbdf85:0x40099ab2f4d5690!4m2!1d4.7005176!2d50.8798438!6e6!3m4!1s0x47c160d97d9e180d:0x59a19c7b0ed3b1a0!8m2!3d50.88132!4d4.699258",Leuven,Origin'O,VMJX+GP Leuven,Natuurvoedingswinkel,"Craenendonck 5, 3000 Leuven","4,3",23,no expense available,no extra info available,09:00–19:00,09:00–19:00,09:00–19:00. Openingstijden gedurende de week verbergen,09:00–19:00,(Labour Day) 09:00–19:00 Openingstijden kunnen afwijken,09:00–18:00,Gesloten
115,"https://www.google.be/maps/place/De+Fruitautomaat/@50.884047,4.6348753,12z/data=!4m16!1m10!2m9!1sSupermarkt!3m6!1sSupermarkt!2sLeuven!3s0x47c160d05ebbdf85:0x40099ab2f4d5690!4m2!1d4.7005176!2d50.8798438!6e6!3m4!1s0x47c1611e2d532b75:0x31eaf3b262b77060!8m2!3d50.8738951!4d4.6692733",Leuven,De Fruitautomaat,VMF9+HP Leuven,Groenteboer,"N3 224, 3001 Leuven","5,0",1,no expense available,no extra info available,24 uur geopend,24 uur geopend,24 uur geopend. Openingstijden gedurende de week verbergen,24 uur geopend,(Labour Day) 24 uur geopend Openingstijden kunnen afwijken,24 uur geopend,24 uur geopend
116,"https://www.google.be/maps/place/Verstraelen+%2F+Conny/@50.884047,4.6348753,12z/data=!4m16!1m10!2m9!1sSupermarkt!3m6!1sSupermarkt!2sLeuven!3s0x47c160d05ebbdf85:0x40099ab2f4d5690!4m2!1d4.7005176!2d50.8798438!6e6!3m4!1s0x47c142d6923a0313:0x157110ef4384c731!8m2!3d50.9513506!4d4.8357362",Leuven,Verstraelen / Conny,XR2P+G7 Nieuwrode,Supermarkt,"Dorp 31, 3221 Nieuwrode","5,0",2,no expense available,no extra info available,['no hours available'],['no hours available'],['no hours available'],['no hours available'],['no hours available'],['no hours available'],['no hours available']
117,"https://www.google.be/maps/place/ISMAIL+HUSSEIN/@50.884047,4.6348753,12z/data=!4m16!1m10!2m9!1sSupermarkt!3m6!1sSupermarkt!2sLeuven!3s0x47c160d05ebbdf85:0x40099ab2f4d5690!4m2!1d4.7005176!2d50.8798438!6e6!3m4!1s0x47c160d3437487dd:0x478cd64401ebcc6b!8m2!3d50.8827452!4d4.7131267",Leuven,ISMAIL HUSSEIN,VPM7+37 Leuven,Aziatische kruidenierswinkel,"Diestsevest 23, 3000 Leuven","5,0",4,no expense available,no extra info available,10:00–21:45,10:00–21:45,10:00–21:45. Openingstijden gedurende de week verbergen,10:00–21:45,(Labour Day) 10:00–21:45 Openingstijden kunnen afwijken,10:00–21:45,10:00–21:45
118,"https://www.google.be/maps/place/Lidl/@50.7812749,4.6444188,12z/data=!4m16!1m10!2m9!1sSupermarkt!3m6!1sSupermarkt!2sLeuven!3s0x47c160d05ebbdf85:0x40099ab2f4d5690!4m2!1d4.7005176!2d50.8798438!6e6!3m4!1s0x47c1649184305dd1:0x4e484fe0b823d2c0!8m2!3d50.7812749!4d4.7144566",Leuven,Lidl,QPJ7+GQ Bevekom,Supermarkt,"Chaussée de Louvain 31, 1320 Beauvechain","4,0",410,no expense available,no extra info available,08:30–19:00,08:30–19:00,08:30–19:00. Openingstijden gedurende de week verbergen,08:30–19:00,(Labour Day) Gesloten Afwijkende openingstijden,08:30–18:00,Gesloten
